{
  "args": {
    "use_cuda": false,
    "ts_code": "601988",
    "batch_sizes": [
      1,
      4,
      8,
      16,
      32
    ],
    "num_runs": 100,
    "backend": "pytorch",
    "seq_len": 20,
    "onnx_dir": "onnx_models"
  },
  "backend": "pytorch",
  "device": "cpu",
  "onnx_provider": null,
  "results": {
    "mamba": {
      "1": {
        "mean": 3.0862111737951636,
        "std": 0.11045775404363949,
        "min": 2.7307920390740037,
        "max": 3.4195000771433115
      },
      "4": {
        "mean": 6.045536722522229,
        "std": 0.2838763983005677,
        "min": 5.6172499898821115,
        "max": 8.270708960480988
      },
      "8": {
        "mean": 6.693732122657821,
        "std": 0.13998299287116298,
        "min": 6.075415993109345,
        "max": 6.992375012487173
      },
      "16": {
        "mean": 6.117144132731482,
        "std": 0.2359745111462771,
        "min": 5.5972079280763865,
        "max": 6.856917054392397
      },
      "32": {
        "mean": 8.342730811564252,
        "std": 0.3192434784236171,
        "min": 7.616874994710088,
        "max": 9.574708994477987
      }
    },
    "lstm": {
      "1": {
        "mean": 0.5312766542192549,
        "std": 0.03912122831705994,
        "min": 0.49687502905726433,
        "max": 0.7855410221964121
      },
      "4": {
        "mean": 0.6279966421425343,
        "std": 0.025757074749727004,
        "min": 0.605457928031683,
        "max": 0.7961250375956297
      },
      "8": {
        "mean": 0.6795912410598248,
        "std": 0.02013732703519798,
        "min": 0.6577089661732316,
        "max": 0.7844999199733138
      },
      "16": {
        "mean": 0.9601654019206762,
        "std": 0.04366377920371462,
        "min": 0.9275829652324319,
        "max": 1.3096670154482126
      },
      "32": {
        "mean": 1.5345246356446296,
        "std": 0.1218093467564239,
        "min": 1.3603749684989452,
        "max": 1.8660000059753656
      }
    },
    "transformer": {
      "1": {
        "mean": 1.2247824890073389,
        "std": 0.07227750929281908,
        "min": 1.1010420275852084,
        "max": 1.4623749302700162
      },
      "4": {
        "mean": 1.7358599440194666,
        "std": 0.11686117430965781,
        "min": 1.5020830323919654,
        "max": 2.216166933067143
      },
      "8": {
        "mean": 2.2430270665790886,
        "std": 0.11769770677120722,
        "min": 2.021582913585007,
        "max": 2.5480000767856836
      },
      "16": {
        "mean": 3.687847558176145,
        "std": 0.1512386311649114,
        "min": 3.3162919571623206,
        "max": 4.040707950480282
      },
      "32": {
        "mean": 6.458205502713099,
        "std": 0.22014608452527243,
        "min": 6.0389169957488775,
        "max": 6.907791015692055
      }
    }
  }
}