{
  "args": {
    "use_cuda": false,
    "ts_code": "601988",
    "batch_sizes": [
      1,
      4,
      8,
      16
    ],
    "num_runs": 100,
    "backend": "pytorch",
    "seq_len": 20,
    "vary_sl": false,
    "onnx_dir": "onnx_models",
    "decode_cache_len": 64
  },
  "backend": "pytorch",
  "device": "cpu",
  "onnx_provider": null,
  "results": {
    "mamba": {
      "1": {
        "mean": 2.416840799851343,
        "std": 0.11751050099513673,
        "min": 1.963333023013547,
        "max": 2.640874998178333
      },
      "4": {
        "mean": 4.572408329404425,
        "std": 0.1712118139358945,
        "min": 4.0600409847684205,
        "max": 4.889000003458932
      },
      "8": {
        "mean": 4.632312920584809,
        "std": 0.22205473118377408,
        "min": 4.050999996252358,
        "max": 5.06854199920781
      },
      "16": {
        "mean": 1.4438608303316869,
        "std": 0.05999432813983136,
        "min": 1.3076670002192259,
        "max": 1.6167090216185898
      }
    },
    "lstm": {
      "1": {
        "mean": 0.07391918974462897,
        "std": 0.0024857560238146542,
        "min": 0.07262500002980232,
        "max": 0.08954200893640518
      },
      "4": {
        "mean": 0.08037667925236747,
        "std": 0.0041260803648030565,
        "min": 0.07829201058484614,
        "max": 0.10216701775789261
      },
      "8": {
        "mean": 0.08446425810689107,
        "std": 0.0031503448569931832,
        "min": 0.08258401066996157,
        "max": 0.10058400221168995
      },
      "16": {
        "mean": 0.1190174903604202,
        "std": 0.0017540937289973362,
        "min": 0.11358302435837686,
        "max": 0.12887499178759754
      }
    },
    "transformer": {
      "1": {
        "mean": 2.000955839175731,
        "std": 0.1544813985043134,
        "min": 1.5434589877258986,
        "max": 2.3347919923253357
      },
      "4": {
        "mean": 3.2555725195561536,
        "std": 0.16269310164983716,
        "min": 3.0161250033415854,
        "max": 3.9567920030094683
      },
      "8": {
        "mean": 5.338051690196153,
        "std": 0.23064749027959203,
        "min": 4.8506250022910535,
        "max": 6.113291019573808
      },
      "16": {
        "mean": 8.987717908748891,
        "std": 0.48709450705312257,
        "min": 7.937249989481643,
        "max": 10.510041000088677
      }
    }
  }
}