{
  "args": {
    "use_cuda": true,
    "ts_code": "601988",
    "batch_sizes": [
      1,
      4,
      8,
      16,
      32
    ],
    "num_runs": 100,
    "backend": "pytorch",
    "seq_len": 20,
    "onnx_dir": "onnx_models"
  },
  "backend": "pytorch",
  "device": "cuda",
  "onnx_provider": null,
  "results": {
    "mamba": {
      "1": {
        "mean": 3.816955690035684,
        "std": 0.17150703001243597,
        "min": 3.484813999875769,
        "max": 4.136593000112043
      },
      "4": {
        "mean": 3.5755696299929696,
        "std": 0.08715678143129378,
        "min": 3.4214090001114528,
        "max": 3.824558999895089
      },
      "8": {
        "mean": 3.7672712199855596,
        "std": 0.13767727638598434,
        "min": 3.46929600027579,
        "max": 4.237612999986595
      },
      "16": {
        "mean": 3.8151916899914795,
        "std": 0.10645859200168374,
        "min": 3.6129820000496693,
        "max": 4.294299000321189
      },
      "32": {
        "mean": 3.754651050007851,
        "std": 0.11872004602448057,
        "min": 3.5174790000382927,
        "max": 4.327985999680095
      }
    },
    "lstm": {
      "1": {
        "mean": 0.9100647599962031,
        "std": 0.05107620742502461,
        "min": 0.8515230001648888,
        "max": 1.0985020003317914
      },
      "4": {
        "mean": 0.9512784199796442,
        "std": 0.030268902158481766,
        "min": 0.9094080000977556,
        "max": 1.040865000049962
      },
      "8": {
        "mean": 0.9873390999746334,
        "std": 0.045913631276752555,
        "min": 0.9092690002034942,
        "max": 1.156655999693612
      },
      "16": {
        "mean": 0.987076780006646,
        "std": 0.03577422482953948,
        "min": 0.9312619999946037,
        "max": 1.1217989999749989
      },
      "32": {
        "mean": 1.0092847699797858,
        "std": 0.03123454693857503,
        "min": 0.9555149999869172,
        "max": 1.0833729998012132
      }
    },
    "transformer": {
      "1": {
        "mean": 1.8504840599962336,
        "std": 0.06882840072410644,
        "min": 1.7234079996342189,
        "max": 2.0485750001171255
      },
      "4": {
        "mean": 1.7994598299992504,
        "std": 0.06349168503850627,
        "min": 1.7001100000015867,
        "max": 1.9667199999275908
      },
      "8": {
        "mean": 1.7868777400008184,
        "std": 0.0648073273511002,
        "min": 1.715975999559305,
        "max": 2.154517999770178
      },
      "16": {
        "mean": 1.7724927300105264,
        "std": 0.04703301836154075,
        "min": 1.7167959999824234,
        "max": 1.9216489999962505
      },
      "32": {
        "mean": 1.9199143899777482,
        "std": 0.08189695317338999,
        "min": 1.7518989998279721,
        "max": 2.1924759998910304
      }
    }
  }
}