{
  "args": {
    "use_cuda": false,
    "ts_code": "601988",
    "batch_sizes": [
      1,
      4,
      8,
      16,
      32
    ],
    "num_runs": 100,
    "backend": "pytorch",
    "seq_len": 20,
    "onnx_dir": "onnx_models"
  },
  "backend": "pytorch",
  "device": "cpu",
  "onnx_provider": null,
  "results": {
    "mamba": {
      "1": {
        "mean": 3.0556274647824466,
        "std": 0.1533674617178488,
        "min": 2.6222909800708294,
        "max": 3.631125087849796
      },
      "4": {
        "mean": 6.009556669741869,
        "std": 0.11815828757589164,
        "min": 5.588750005699694,
        "max": 6.238291040062904
      },
      "8": {
        "mean": 6.698427489027381,
        "std": 0.2907207745285321,
        "min": 5.388749996200204,
        "max": 7.221959065645933
      },
      "16": {
        "mean": 6.067515049362555,
        "std": 0.24462481983349893,
        "min": 5.5740829557180405,
        "max": 7.238917052745819
      },
      "32": {
        "mean": 8.384184973547235,
        "std": 0.3242624101494737,
        "min": 7.76049995329231,
        "max": 9.282290935516357
      }
    },
    "lstm": {
      "1": {
        "mean": 0.5298596003558487,
        "std": 0.01869468159864659,
        "min": 0.509292003698647,
        "max": 0.653750030323863
      },
      "4": {
        "mean": 0.6195155170280486,
        "std": 0.01662540223547962,
        "min": 0.6018748972564936,
        "max": 0.7262089056894183
      },
      "8": {
        "mean": 0.6869658851064742,
        "std": 0.02950945825582366,
        "min": 0.6631669821217656,
        "max": 0.8432089816778898
      },
      "16": {
        "mean": 0.9402642049826682,
        "std": 0.01922523564889244,
        "min": 0.9176660096272826,
        "max": 1.0505419922992587
      },
      "32": {
        "mean": 1.5229062107391655,
        "std": 0.12980393226275364,
        "min": 1.3402500189840794,
        "max": 1.8671669531613588
      }
    },
    "transformer": {
      "1": {
        "mean": 1.2234657944645733,
        "std": 0.10507744548514135,
        "min": 0.9664579993113875,
        "max": 1.5461660223081708
      },
      "4": {
        "mean": 1.7263625108171254,
        "std": 0.10373060513300579,
        "min": 1.4980840496718884,
        "max": 1.980624976567924
      },
      "8": {
        "mean": 2.262503824895248,
        "std": 0.12768646447482124,
        "min": 2.0640420261770487,
        "max": 2.8179589426144958
      },
      "16": {
        "mean": 3.64622121443972,
        "std": 0.16420450296447198,
        "min": 3.2400829950347543,
        "max": 4.087999928742647
      },
      "32": {
        "mean": 6.575297936797142,
        "std": 0.25203416387911903,
        "min": 5.970707978121936,
        "max": 7.1682080160826445
      }
    }
  }
}