{
  "args": {
    "use_cuda": false,
    "ts_code": "601988",
    "batch_sizes": [
      1,
      4,
      8,
      16,
      32
    ],
    "num_runs": 100,
    "backend": "pytorch",
    "seq_len": 20,
    "vary_sl": false,
    "onnx_dir": "onnx_models"
  },
  "backend": "pytorch",
  "device": "cpu",
  "onnx_provider": null,
  "results": {
    "mamba": {
      "1": {
        "mean": 2.986590451328084,
        "std": 0.1592149544713909,
        "min": 2.372083021327853,
        "max": 3.8946670247241855
      },
      "4": {
        "mean": 5.847206257749349,
        "std": 0.1324717391161783,
        "min": 5.460417014546692,
        "max": 6.076333927921951
      },
      "8": {
        "mean": 6.585402935743332,
        "std": 0.10771860044917969,
        "min": 6.349541014060378,
        "max": 6.803125026635826
      },
      "16": {
        "mean": 6.049591670744121,
        "std": 0.20529195000164419,
        "min": 5.634250002913177,
        "max": 7.1642500115558505
      },
      "32": {
        "mean": 8.198811720358208,
        "std": 0.23754467940645965,
        "min": 7.702542003244162,
        "max": 8.728416985832155
      }
    },
    "lstm": {
      "1": {
        "mean": 0.45463499845936894,
        "std": 0.008687454132216771,
        "min": 0.44720794539898634,
        "max": 0.5025839200243354
      },
      "4": {
        "mean": 0.5488495179452002,
        "std": 0.007063470596279229,
        "min": 0.5418339278548956,
        "max": 0.5802080268040299
      },
      "8": {
        "mean": 0.6176762178074569,
        "std": 0.014798126738336113,
        "min": 0.6077089346945286,
        "max": 0.6911250529810786
      },
      "16": {
        "mean": 0.7954816031269729,
        "std": 0.02755558250524283,
        "min": 0.7729160133749247,
        "max": 0.9189579868689179
      },
      "32": {
        "mean": 1.422615391202271,
        "std": 0.11841195966465348,
        "min": 1.2167500099167228,
        "max": 1.7753749853000045
      }
    },
    "transformer": {
      "1": {
        "mean": 1.64857248775661,
        "std": 0.10922184990895158,
        "min": 1.3564160326495767,
        "max": 1.9789159996435046
      },
      "4": {
        "mean": 2.1999762440100312,
        "std": 0.10941588542542735,
        "min": 1.9431660184636712,
        "max": 2.492333995178342
      },
      "8": {
        "mean": 2.53282337798737,
        "std": 0.122779018592919,
        "min": 2.251792000606656,
        "max": 2.7452920330688357
      },
      "16": {
        "mean": 3.6388411978259683,
        "std": 0.24265116368084044,
        "min": 3.1968749826774,
        "max": 4.837665939703584
      },
      "32": {
        "mean": 5.977112951222807,
        "std": 0.25451020436970173,
        "min": 5.448209005407989,
        "max": 6.76291692070663
      }
    }
  }
}