{
  "args": {
    "use_cuda": false,
    "ts_code": "601988",
    "batch_sizes": [
      1,
      2,
      4,
      8
    ],
    "num_runs": 20
  },
  "device": "cpu",
  "results": {
    "mamba": {
      "1": {
        "mean": 3.176585397159215,
        "std": 0.1807600849285658,
        "min": 2.6693340041674674,
        "max": 3.4269579919055104
      },
      "2": {
        "mean": 5.428318749181926,
        "std": 0.172479951490808,
        "min": 5.077416979474947,
        "max": 5.689042009180412
      },
      "4": {
        "mean": 6.129172898363322,
        "std": 0.13678540001501877,
        "min": 5.871500005014241,
        "max": 6.462666991865262
      },
      "8": {
        "mean": 6.902670703129843,
        "std": 0.18388695333655916,
        "min": 6.475333007983863,
        "max": 7.158249994972721
      }
    },
    "lstm": {
      "1": {
        "mean": 0.5788542490336113,
        "std": 0.01828355993521085,
        "min": 0.5621250020340085,
        "max": 0.6375829980242997
      },
      "2": {
        "mean": 0.6421292491722852,
        "std": 0.01131235956209143,
        "min": 0.6310000026132911,
        "max": 0.671749992761761
      },
      "4": {
        "mean": 0.6657166479271837,
        "std": 0.007064864818777869,
        "min": 0.6581659836228937,
        "max": 0.6860420107841492
      },
      "8": {
        "mean": 0.7105291981133632,
        "std": 0.016920665385276996,
        "min": 0.6961250037420541,
        "max": 0.7681660063099116
      }
    },
    "transformer": {
      "1": {
        "mean": 1.2012146922643296,
        "std": 0.06957383325562212,
        "min": 1.0694589873310179,
        "max": 1.3271670031826943
      },
      "2": {
        "mean": 1.3621166988741606,
        "std": 0.055362336835355824,
        "min": 1.2421660067047924,
        "max": 1.4708749949932098
      },
      "4": {
        "mean": 1.6261977565591224,
        "std": 0.08090062824003881,
        "min": 1.4911250036675483,
        "max": 1.805125008104369
      },
      "8": {
        "mean": 2.223445901472587,
        "std": 0.0798809161652326,
        "min": 2.065041015157476,
        "max": 2.355167001951486
      }
    }
  }
}